{
    "total_runtime": 8.171633005142212,
    "num_documents": 1,
    "input_load_time": 0,
    "workflows": {
        "create_base_text_units": {
            "overall": 0.24948811531066895,
            "0_orderby": 0.007791996002197266,
            "1_zip": 0.0032410621643066406,
            "2_aggregate_override": 0.007275819778442383,
            "3_chunk": 0.1883702278137207,
            "4_select": 0.004846811294555664,
            "5_unroll": 0.008097171783447266,
            "6_rename": 0.003216266632080078,
            "7_genid": 0.003977298736572266,
            "8_unzip": 0.004164934158325195,
            "9_copy": 0.003665924072265625,
            "10_filter": 0.012957096099853516
        },
        "create_base_extracted_entities": {
            "overall": 7.48297119140625,
            "0_entity_extract": 7.453330039978027,
            "1_merge_graphs": 0.025394916534423828
        }
    }
}