{
    "total_runtime": 0.7281630039215088,
    "num_documents": 1,
    "input_load_time": 0,
    "workflows": {
        "create_base_text_units": {
            "overall": 0.24330711364746094,
            "0_orderby": 0.008700132369995117,
            "1_zip": 0.003565073013305664,
            "2_aggregate_override": 0.0072977542877197266,
            "3_chunk": 0.18134403228759766,
            "4_select": 0.004541873931884766,
            "5_unroll": 0.008350133895874023,
            "6_rename": 0.0035331249237060547,
            "7_genid": 0.003453969955444336,
            "8_unzip": 0.004159212112426758,
            "9_copy": 0.0035409927368164062,
            "10_filter": 0.012946128845214844
        },
        "create_base_extracted_entities": {
            "overall": 0.07647585868835449,
            "0_entity_extract": 0.0636289119720459,
            "1_merge_graphs": 0.008800983428955078
        }
    }
}