{
    "total_runtime": 3.160156011581421,
    "num_documents": 1,
    "input_load_time": 0,
    "workflows": {
        "create_base_text_units": {
            "overall": 0.7834031581878662,
            "0_orderby": 0.0055539608001708984,
            "1_zip": 0.0030269622802734375,
            "2_aggregate_override": 0.005926847457885742,
            "3_chunk": 0.7275059223175049,
            "4_select": 0.0041790008544921875,
            "5_unroll": 0.006715059280395508,
            "6_rename": 0.003977060317993164,
            "7_genid": 0.003495931625366211,
            "8_unzip": 0.003960132598876953,
            "9_copy": 0.0035088062286376953,
            "10_filter": 0.013669967651367188
        },
        "create_base_extracted_entities": {
            "overall": 1.9419922828674316,
            "0_entity_extract": 1.9237940311431885,
            "1_merge_graphs": 0.013826131820678711
        }
    }
}