{
    "total_runtime": 5.136183023452759,
    "num_documents": 1,
    "input_load_time": 0,
    "workflows": {
        "create_base_text_units": {
            "overall": 0.22803783416748047,
            "0_orderby": 0.00441288948059082,
            "1_zip": 0.002992868423461914,
            "2_aggregate_override": 0.006175041198730469,
            "3_chunk": 0.1756579875946045,
            "4_select": 0.003310680389404297,
            "5_unroll": 0.0065500736236572266,
            "6_rename": 0.003309965133666992,
            "7_genid": 0.0036458969116210938,
            "8_unzip": 0.004167079925537109,
            "9_copy": 0.003473997116088867,
            "10_filter": 0.012480020523071289
        },
        "create_base_extracted_entities": {
            "overall": 4.495258092880249,
            "0_entity_extract": 4.475650072097778,
            "1_merge_graphs": 0.015233993530273438
        }
    }
}