{
    "total_runtime": 0.6802496910095215,
    "num_documents": 1,
    "input_load_time": 0,
    "workflows": {
        "create_base_text_units": {
            "overall": 0.2351212501525879,
            "0_orderby": 0.004558086395263672,
            "1_zip": 0.003367900848388672,
            "2_aggregate_override": 0.007112026214599609,
            "3_chunk": 0.17833209037780762,
            "4_select": 0.003732919692993164,
            "5_unroll": 0.0070133209228515625,
            "6_rename": 0.0034210681915283203,
            "7_genid": 0.003536701202392578,
            "8_unzip": 0.005140066146850586,
            "9_copy": 0.003699064254760742,
            "10_filter": 0.013336896896362305
        },
        "create_base_extracted_entities": {
            "overall": 0.06792902946472168,
            "0_entity_extract": 0.05574488639831543,
            "1_merge_graphs": 0.008135795593261719
        }
    }
}