{
    "total_runtime": 372.3359549045563,
    "num_documents": 1,
    "input_load_time": 0,
    "workflows": {
        "create_base_text_units": {
            "overall": 0.21889805793762207,
            "0_orderby": 0.0020799636840820312,
            "1_zip": 0.002294778823852539,
            "2_aggregate_override": 0.00431370735168457,
            "3_chunk": 0.17530179023742676,
            "4_select": 0.002929210662841797,
            "5_unroll": 0.004106998443603516,
            "6_rename": 0.003062725067138672,
            "7_genid": 0.003820657730102539,
            "8_unzip": 0.0037870407104492188,
            "9_copy": 0.003648042678833008,
            "10_filter": 0.011688947677612305
        },
        "create_base_extracted_entities": {
            "overall": 0.062409162521362305,
            "0_entity_extract": 0.04993605613708496,
            "1_merge_graphs": 0.008494853973388672
        },
        "create_summarized_entities": {
            "overall": 0.6358599662780762,
            "0_summarize_descriptions": 0.6310610771179199
        },
        "create_base_entity_graph": {
            "overall": 0.025418996810913086,
            "0_cluster_graph": 0.01444697380065918,
            "1_select": 0.005897998809814453
        },
        "create_final_entities": {
            "overall": 365.16431617736816,
            "0_unpack_graph": 0.007617950439453125,
            "1_rename": 0.005900859832763672,
            "2_select": 0.00608515739440918,
            "3_dedupe": 0.007824897766113281,
            "4_rename": 0.006521940231323242,
            "5_filter": 0.01657891273498535,
            "6_text_split": 0.008188962936401367,
            "7_drop": 0.007096052169799805,
            "8_merge": 0.011174917221069336,
            "9_text_embed": 365.0447528362274,
            "10_drop": 0.012391805648803711,
            "11_filter": 0.02445197105407715
        },
        "create_final_nodes": {
            "overall": 0.23163199424743652,
            "0_layout_graph": 0.018274784088134766,
            "1_unpack_graph": 0.010220050811767578,
            "2_unpack_graph": 0.010609865188598633,
            "3_drop": 0.009199857711791992,
            "4_filter": 0.020506858825683594,
            "5_select": 0.009238004684448242,
            "6_rename": 0.010128021240234375,
            "7_convert": 0.06200885772705078,
            "8_join": 0.019060850143432617,
            "9_rename": 0.05388522148132324
        },
        "create_final_communities": {
            "overall": 0.23955988883972168,
            "0_unpack_graph": 0.011869192123413086,
            "1_unpack_graph": 0.012323856353759766,
            "2_aggregate_override": 0.015437126159667969,
            "3_join": 0.02638101577758789,
            "4_join": 0.01482081413269043,
            "5_concat": 0.012090206146240234,
            "6_filter": 0.02686786651611328,
            "7_aggregate_override": 0.01370692253112793,
            "8_join": 0.015883207321166992,
            "9_filter": 0.027686119079589844,
            "10_fill": 0.012861013412475586,
            "11_merge": 0.013659000396728516,
            "12_copy": 0.012946128845214844,
            "13_select": 0.012823820114135742
        },
        "join_text_units_to_entity_ids": {
            "overall": 0.05847978591918945,
            "0_select": 0.01394200325012207,
            "1_unroll": 0.016192197799682617,
            "2_aggregate_override": 0.015388011932373047
        },
        "create_final_relationships": {
            "overall": 0.1877288818359375,
            "0_unpack_graph": 0.015491008758544922,
            "1_filter": 0.03109908103942871,
            "2_rename": 0.014590024948120117,
            "3_filter": 0.032343149185180664,
            "4_drop": 0.015425920486450195,
            "5_compute_edge_combined_degree": 0.018121957778930664,
            "6_convert": 0.03121495246887207,
            "7_convert": 0.015573978424072266
        },
        "join_text_units_to_relationship_ids": {
            "overall": 0.08375287055969238,
            "0_select": 0.016182899475097656,
            "1_unroll": 0.01715397834777832,
            "2_aggregate_override": 0.017827987670898438,
            "3_select": 0.016788959503173828
        },
        "create_final_community_reports": {
            "overall": 1.929283857345581,
            "0_prepare_community_reports_nodes": 0.01792311668395996,
            "1_prepare_community_reports_edges": 0.01813817024230957,
            "2_restore_community_hierarchy": 0.019628047943115234,
            "3_prepare_community_reports": 0.04135894775390625,
            "4_create_community_reports": 1.79719877243042,
            "5_window": 0.018487930297851562
        },
        "create_final_text_units": {
            "overall": 0.14259910583496094,
            "0_select": 0.018905162811279297,
            "1_rename": 0.018688201904296875,
            "2_join": 0.02277684211730957,
            "3_join": 0.022732019424438477,
            "4_aggregate_override": 0.021865367889404297,
            "5_select": 0.01953577995300293
        },
        "create_base_documents": {
            "overall": 0.21668791770935059,
            "0_unroll": 0.020834922790527344,
            "1_select": 0.02060103416442871,
            "2_rename": 0.020202159881591797,
            "3_join": 0.023314952850341797,
            "4_aggregate_override": 0.022106170654296875,
            "5_join": 0.024318933486938477,
            "6_rename": 0.021535873413085938,
            "7_convert": 0.04445910453796387
        },
        "create_final_documents": {
            "overall": 0.04286527633666992,
            "0_rename": 0.02150559425354004
        }
    }
}