{
    "total_runtime": 745.5707290172577,
    "num_documents": 1,
    "input_load_time": 0,
    "workflows": {
        "create_base_text_units": {
            "overall": 0.2331681251525879,
            "0_orderby": 0.005362033843994141,
            "1_zip": 0.003072023391723633,
            "2_aggregate_override": 0.006344795227050781,
            "3_chunk": 0.17969322204589844,
            "4_select": 0.0036399364471435547,
            "5_unroll": 0.0064280033111572266,
            "6_rename": 0.003227710723876953,
            "7_genid": 0.0035772323608398438,
            "8_unzip": 0.0039520263671875,
            "9_copy": 0.0034172534942626953,
            "10_filter": 0.012632131576538086
        },
        "create_base_extracted_entities": {
            "overall": 0.08803200721740723,
            "0_entity_extract": 0.07066178321838379,
            "1_merge_graphs": 0.013164997100830078
        },
        "create_summarized_entities": {
            "overall": 0.9087848663330078,
            "0_summarize_descriptions": 0.9041299819946289
        },
        "create_base_entity_graph": {
            "overall": 0.03076910972595215,
            "0_cluster_graph": 0.020066022872924805,
            "1_select": 0.0055272579193115234
        },
        "create_final_entities": {
            "overall": 737.4680387973785,
            "0_unpack_graph": 0.009891033172607422,
            "1_rename": 0.006072044372558594,
            "2_select": 0.007750034332275391,
            "3_dedupe": 0.00872182846069336,
            "4_rename": 0.0073299407958984375,
            "5_filter": 0.01630115509033203,
            "6_text_split": 0.008089065551757812,
            "7_drop": 0.00768280029296875,
            "8_merge": 0.017612934112548828,
            "9_text_embed": 737.3244960308075,
            "10_drop": 0.016091108322143555,
            "11_filter": 0.03220200538635254
        },
        "create_final_nodes": {
            "overall": 0.18752503395080566,
            "0_layout_graph": 0.025064945220947266,
            "1_unpack_graph": 0.012356042861938477,
            "2_unpack_graph": 0.012955188751220703,
            "3_drop": 0.00955510139465332,
            "4_filter": 0.021414995193481445,
            "5_select": 0.01134490966796875,
            "6_rename": 0.011906147003173828,
            "7_convert": 0.04611015319824219,
            "8_join": 0.018415212631225586,
            "9_rename": 0.01043391227722168
        },
        "create_final_communities": {
            "overall": 0.27027392387390137,
            "0_unpack_graph": 0.014239072799682617,
            "1_unpack_graph": 0.04005908966064453,
            "2_aggregate_override": 0.019958972930908203,
            "3_join": 0.015622138977050781,
            "4_join": 0.015267133712768555,
            "5_concat": 0.012258052825927734,
            "6_filter": 0.027696847915649414,
            "7_aggregate_override": 0.014523029327392578,
            "8_join": 0.016277074813842773,
            "9_filter": 0.02810192108154297,
            "10_fill": 0.01326298713684082,
            "11_merge": 0.014441967010498047,
            "12_copy": 0.013575315475463867,
            "13_select": 0.014138936996459961
        },
        "join_text_units_to_entity_ids": {
            "overall": 0.059741973876953125,
            "0_select": 0.014101982116699219,
            "1_unroll": 0.016139984130859375,
            "2_aggregate_override": 0.016091108322143555
        },
        "create_final_relationships": {
            "overall": 0.1912858486175537,
            "0_unpack_graph": 0.017066001892089844,
            "1_filter": 0.03177595138549805,
            "2_rename": 0.014273643493652344,
            "3_filter": 0.03231310844421387,
            "4_drop": 0.015127897262573242,
            "5_compute_edge_combined_degree": 0.01817011833190918,
            "6_convert": 0.03223919868469238,
            "7_convert": 0.016199111938476562
        },
        "join_text_units_to_relationship_ids": {
            "overall": 0.08678579330444336,
            "0_select": 0.01704120635986328,
            "1_unroll": 0.01742720603942871,
            "2_aggregate_override": 0.018237829208374023,
            "3_select": 0.01819014549255371
        },
        "create_final_community_reports": {
            "overall": 2.3059351444244385,
            "0_prepare_community_reports_nodes": 0.018648147583007812,
            "1_prepare_community_reports_edges": 0.042816877365112305,
            "2_restore_community_hierarchy": 0.026556730270385742,
            "3_prepare_community_reports": 0.050418853759765625,
            "4_create_community_reports": 2.1305360794067383,
            "5_window": 0.020116090774536133
        },
        "create_final_text_units": {
            "overall": 0.14858126640319824,
            "0_select": 0.019361019134521484,
            "1_rename": 0.019103050231933594,
            "2_join": 0.024080753326416016,
            "3_join": 0.024869203567504883,
            "4_aggregate_override": 0.022426128387451172,
            "5_select": 0.020051956176757812
        },
        "create_base_documents": {
            "overall": 0.2188718318939209,
            "0_unroll": 0.02142477035522461,
            "1_select": 0.020592212677001953,
            "2_rename": 0.020488262176513672,
            "3_join": 0.024007081985473633,
            "4_aggregate_override": 0.02167797088623047,
            "5_join": 0.025660991668701172,
            "6_rename": 0.021728038787841797,
            "7_convert": 0.04352998733520508
        },
        "create_final_documents": {
            "overall": 0.04301190376281738,
            "0_rename": 0.021422863006591797
        }
    }
}